﻿genre,title,time,comment,playtype
RPG,던전 앤 파이터,3,"시나리오 던전 플레이와 액트 퀘스트 수행을 통해 110레벨까지 레벨업을 할 수 있습니다.
100 ~ 110레벨 시나리오 던전부터는 노멀/익스퍼트/마스터/킹 4개 난이도 선택이 가능하며, 
자신의 플레이 숙련도나 장비 수준에 따라 선택하여 플레이할 수 있습니다.
시나리오 던전 플레이를 통해 105레벨 레어/유니크/에픽 장비를 파밍할 수 있습니다.
퀘스트 수행 위치를 찾기 어려울 때는 '위치안내' 기능을 이용하면 이동해야할 곳을 쉽게 확인할 수 있습니다.",1
RPG,디아블로 4,4,"악마를 학살하고, 악몽같은 던전을 공략해 전설적인 전리품을 획득하세요!
플레이어들을 만나 거래하고 팀을 이루어 전역 우두머리와 싸을 수도 있습니다.",1
RPG,패스 오브 엑자일,3,"패스 오브 엑자일은 레이클라스트라는 세계를 배경으로 펼쳐지는 온라인 액션 RPG입니다.
패스 오브 엑자일은 강력한 온라인 아이템 경제와 다양한 캐릭터 빌드,
경쟁적인 PvP 및 래더를 중심으로 개발된 게임입니다.",1
RPG,메이플스토리,4,"메이플스토리'는 귀여운 2D 그래픽을 기반으로 개발된 횡스크롤 MMORPG이다.
 '메이플스토리'는 판타지 뿐 아니라 현대, SF 등 다양한 세계가 결합된 
하이브리드 세계관을 채택하여 다양한 이야기를 게임에서 만날 수 있도록 구성되었다. 
독특한 특징을 가진 여러 가지 직업과 퀘스트, 미니 게임 등 다양한 콘텐츠도 지원한다",1
RTS,리그 오브 레전드,4,"플레이어는 다양한 챔피언 중 하나를 선택하여 상대 팀과 경쟁하며, 
각 챔피언은 고유한 능력을 가지고 있습니다. 
게임 목표는 상대 팀의 넥서스를 파괴하는 것이며, 팀 협력과 전략이 승리의 열쇠입니다.",1
RTS,스타그래프트 리마스터,4,"게임은 세 가지 다른 종족인 테란, 프로토스, 저그 중 하나를 선택하여 
자원을 수집하고 군대를 키워 상대방을 격파하는 전투를 펼치는 전략적인 게임입니다.
 플레이어는 자신의 전략과 미네랄, 가스 등 리소스 관리를 통해 승리를 거머쥐는 것이 목표입니다.",1
스포츠,FIFA 온라인 4,2,"플레이어는 실제 축구 스타일 및 전략을 사용하여 상대방과 경기하고 다양한 모드에서 경쟁합니다.
 게임은 현실적인 그래픽과 팀 관리 기능을 제공하여 FIFA 팬들에게 진정한 축구 경험을 제공합니다.",1
스포츠,테이즈런너,1," 빠른 속도와 반응력을 요구하며, 플레이어는 장애물을 피하고 아이템을 모아 점수를 얻는 것이 목표입니다. 게임은 단순한 게임 플레이와 중독성 있는 경쟁을 제공합니다.",2
FPS,배틀그라운드,3,"100명의 플레이어가 동맹을 구성하거나 혼자 경쟁하여 무인도에서 생존을 경쟁하며, 
무기와 장비를 찾고 다른 플레이어를 제거합니다. 
게임은 전략, 스킬, 운을 결합하며 최후의 1인 또는 팀으로 남는 것이 목표입니다.",1
FPS,발로란트,4,"플레이어들이 다양한 에이전트(캐릭터) 중 하나를 선택하고, 고유한 능력을 활용하여
 상대 팀을 격파하거나 목표를 달성하는 게임입니다.
 ""발로란트""는 팀 협력과 정확한 조준이 필요한 타킷 슈팅 경기를 강조하며, 전략적 결정과 능력 사용이 승리의 열쇠입니다.",1
FPS,서든어택,2,"플레이어들은 팀원들과 함께 다양한 모드에서 경쟁하며, 
무기를 사용하여 상대 팀을 격파하거나 목표를 완료합니다. 게임은 스킬과 전략적 결정을 결합한 빠른 액션을 제공합니다.",1
FPS,오버워치 2,3,"플레이어들이 다양한 영웅 중 하나를 선택하고, 고유한 능력과 무기를 활용하여 경기를 진행하며 목표를 달성하는 게임입니다. 
""오버워치 2""는 다양한 맵과 모드, 전략적 팀 협력을 강조하며, 다양한 영웅들과 능력의 조합을 통해 승리를 차지합니다.",1
액션,GTA5,4,"엄청난 자유도를 가진 열린 세계 액션 어드벤처 게임으로,
 로스 산토스라는 가상 도시에서 벌어지는 범죄와 모험으로 가득 차 있습니다. 플레이어는 세 명의 주인공 중 하나를 선택하고, 스토리를 진행하거나 도시를 탐험하며 다양한 활동을 즐길 수 있습니다.",2
보드,모두의 마블,2,"다양한 캐릭터 카드와 아이템을 사용하여 보드를 주사위를 굴려 전진하며 경기를 진행합니다. 
플레이어들은 다른 플레이어와 경쟁하며, 목표 지점에 먼저 도달하거나 다양한 미션을 수행하여 승리를 차지하는 것이 목표입니다.",2
,피망 바둑,2,"플레이어와 상대방 사이의 바둑 대전을 다룹니다. 이 게임은 전통적인 바둑 게임을 온라인에서 즐길 수 있도록 제공하며,
 플레이어들은 전략과 두뇌 능력을 사용하여 승리를 거두는 것이 목표입니다",2
아케이드,크레이지 아케이드,1,"플레이어들은 각 미니 게임에서 다양한 도전 과제를 진행하며 승리를 위해 경쟁합니다.
 게임은 단순하고 빠른 게임 플레이로 재미와 경쟁을 즐길 수 있는 플랫폼을 제공합니다.",2
퍼즐,테트리스,1,"떨어지는 블록을 조작하여 가로 줄을 완성하고 없애는 퍼즐 게임으로, 
빠른 판단과 미리 계획을 세워 블록을 배치하는 능력이 필요합니다. ""테트리스""는 간단하면서도 중독성 있는 게임입니다.",2
퍼즐,스도쿠,3,"이 퍼즐 게임은 9x9 그리드에서 숫자를 채워 넣는 것이 목표이며,
 각 행, 열 및 3x3 서브그리드에 1에서 9까지의 숫자를 중복 없이 배치해야 합니다.",2
퍼즐,앵그리버드,1,"색상과 형태가 다른 새들을 사용하여 구조물을 파괴하고 적들을 격파하는 퍼즐 액션 게임으로, 
물리학적 요소와 전략을 결합하여 재미있는 도전을 제공합니다. ",2
