﻿genre,title,time,comment,playtype
RPG ,개판 오분전,1,"세계 각지에서 힘들게 살아남은 떠돌이 개들이 영웅으로 다시 태어나, 악덕사장에게 고통받는 사람들과 함께 역습을 시작한다!
상대를 격파하는 '개'꿀 전략, 다양한 직업과 스킬의 조합",1
RPG ,픽셀 히어로,1,"영웅들을 레벨업과 승급으로 성장시키고,
맞춤 코스튬 등 여러 육성 시스템을 통해
나의 영웅이 성장하는 재미를 지켜보세요!",1
RPG ,카운터 사이드,2,"관리실패 이후 등장한 침식체와 그들에게 대항하는 카운터가 존재하는 세계
현실 세계를 지키기 위한 여정에 당신을 초대합니다.
다양한 전략, 유닛, 함선을 활용하여 승리를 거두고 특별한 장비와 아이템을 쟁취하세요.",1
RPG ,TT: 타이니 테일즈,2,"바쁘다 바빠! 빠른 현대 사회의 필수템!
방치로도 초스피드 성장 경험!",1
RPG ,로스트아크,4,"로스트아크에는 다양한 직업들이 존재하는데, 각 직업마다 고유한 특징과 능력을 가지고 있습니다
. 전사는 강력한 근접 전투 기술을 사용하며, 마법사는 강력한 마법을 사용하여 적을 공격합니다. 
각 직업마다 플레이어들의 선호도에 따라 선택할 수 있는 여러 가지 전투 스타일이 존재합니다.
",1
RPG ,검은사막,3,"리마스터링으로 생동감 넘치는 그래픽과 사실감 있는 오디오를
구현하여 MMORPG의 한계를 시험하는 검은사막. 박진감 넘치는
전투와 공성전, 그리고 탐험과 무역, 낚시, 조련, 연금, 요리, 채집, 수렵 등
다양한 콘텐츠를광활한 오픈월드에서 즐기세요.",1
RPG ,월드 오브 워크래프트,3,"얼라이언스와 호드라는 두 진영 사이의 대립을 바탕으로,
 플레이어는 13개의 종족, 11가지 직업 중 하나를 선택하여 게임을 진행할 수 있다. ",1
RPG ,리니지2,4,"고대 판타지 세계에서 직업을 선택하고 레벨을 올리며 모험을 즐기는 게임이다.
다양한 직업, 퀘스트, PvP 전투, 그래픽, 사운드, 
그리고 업데이트로 가득 찬 이 게임은 플레이어들에게 환상적인 판타지 세계를 제공한다.",1
RPG ,마비노기,4,"플레이어들은 몬스터 사냥, 퀘스트 수행, 커뮤니티 활동 및 PvP 전투를 통해
 게임 세계를 탐험하며 성장합니다.",1
RPG ,오딘: 발할라 라이징,4,"게임에서 플레이어들은 신과 인간이 서로 대립하는 판타지 세계를 배경으로 하며, 전투, 건설, 협력, 정치 등 다양한 요소가 포함된 전략적인 게임 플레이를 경험합니다. 플레이어는 지배자가 되어 세계를 통치하거나 협력하여 신들의 위협을 막기 위해 노력합니다",1
RTS,워크래프트3 리포지드,3,"플레이어는 히어로 유닛과 군대를 통해 자원을 수집하고 상대방을 
격파하는 전투를 벌입니다. 게임은 다양한 종족과 맵, 커스텀 게임 모드로 다양한 경험을 제공합니다.",1
RTS,스타그래프트2,3,"세 가지 서로 다른 종족인 테란, 프로토스, 저그 중 하나를 선택하여 자원을 수집하고
 군대를 키워 상대방을 격파하는 전투를 펼치는 전략적 경기를 제공합니다.",1
RTS,DOTA 2,4,"플레이어들은 각자 고유한 능력을 가진 히어로를 선택하고,
 상대 팀과의 5대5 대전에서 경쟁합니다. 게임은 전략, 팀 협력, 리소스 관리 등 
다양한 요소를 결합하여 승리를 쟁취하는 높은 경기력을 필요로 합니다.",1
RTS,히어로즈 오브 더 스톰,3,"플레이어들은 다양한 블리자드 게임에서 온 유명 캐릭터와 히어로를 선택하여 
팀 전투에서 경쟁합니다. 게임은 짧은 게임 시간과 다양한 맵, 전략적 다양성을 강조하여 
빠른 액션과 재미를 제공합니다.",1
RTS,카오스 온라인,2,"플레이어들은 고유한 영웅을 선택하고 팀을 구성하여 다른 플레이어나 AI를 상대로 전투합니다.
 게임은 전략적 결정과 팀 협력을 강조하며, 
간편하게 즐길 수 있는 짧은 게임 세션을 제공합니다.",1
스포츠,슬러거,1,"야구 게임의 본질인 치고 던지고 달리는 액션에 초점을 두며 다양한 극적 연출로
특유의 빠른 플레이와 즐거움을 선사한다. 자연스럽고 부드러운 모션을 구현하여
실제 프로야구에서 볼 수 있는 동작들을 표현함으로써 다이나믹한 느낌을 살려준다",2
스포츠,마구마구,1,"자신이 선택한 선수 카드와 스태프 카드이 라인업으로 흥미진진하게
야구 경기 시뮬레이션을 진행한다. 동일 리그의 상대나 친구목록에 있는 상대와
구단의 실력을 비교해 볼 수 있다.",2
스포츠,프리스타일 2,1,"스트리트 농구를 중심으로 한 3대3 농구 대전을 제공하며, 
플레이어들은 고유한 캐릭터와 능력을 활용하여 팀원과 협력하여 상대방 골을 넣는 게임을 즐깁니다.
 ""프리스타일 2""는 실력, 전략, 팀 협력을 요구하는 농구 경기를 특징으로 합니다.",2
스포츠,버디크러시,1,"수려한 3D 그래픽과 화려한 코스 전용 스킬이 가득한 판타지 골프!
귀여운 캐디와 함께 다양한 필드 나들이를 떠나보세요!
짜릿한 퍼펙트 샷으로 홀인원에 도전!
타이밍에 맞춰 시원한 스윙과 함께 다양한 전략으로 코스를 공략해 보세요!",2
스포츠,골프존 M,2," 실제 골프장에서 경기를 치는 느낌을 제공하는 게임으로,
 골프 스윙 및 클럽 선택을 통해 경기를 진행하며 다양한 골프 코스에서 경쟁합니다. ",2
FPS,Counter-Strike : Global Offensive,4,"플레이어들은 반테러리스트 또는 테러리스트로 나뉘어 지정된 임무를 수행하거나 상대 팀을 격파하는 게임입니다. 
정밀한 조준과 전략, 팀 협력이 필요합니다.",1
FPS,APEX LEGENDS,3,"플레이어들이 다양한 레전더리 레전드 캐릭터 중 하나를 선택하고, 
고유한 능력을 활용하여 상대 팀을 격파하거나 최후의 1팀이 남을 때까지 생존하는 게임입니다. ""APEX LEGENDS""는 빠른 액션과 팀 협력을 중시하며, 다양한 캐릭터와 전략적 무기 사용이 승리의 열쇠입니다.",1
FPS,레인보우식스 시즈,2," 특수 임무 부대 및 테러리스트 그룹 간의 전투를 다룹니다
 게임은 다양한 오퍼레이터(캐릭터)와 고도로 파괴 가능한 환경을 활용하여 승리를 위한 전략적 전투를 제공합니다.",1
FPS,베일드 엑스퍼트,2,"플레이어들이 각자의 로봇 미니어처와 함께 다양한 전투 임무를 수행하며 경쟁합니다.
 게임은 전략과 팀 협력을 중시하며, 고유한 로봇 미니어처와 무기를 활용하여 승리를 위한 전투를 벌입니다.",1
FPS,Destiny: Guardians,2," 플레이어들이 퓨처스틱 공상과학 세계에서 다양한 미션과 활동을 수행하고 
에픽한 캐릭터를 커스터마이징합니다. ""Destiny: Guardians""는 탄탄한 총격 게임 플레이와 다양한 환경을 탐험하는 경험을 제공합니다.",1
FPS,아바,3,"게임은 두 팀이 서로를 격파하고 목표를 달성하기 위해 다양한 무기와 전략을 사용하는 전투를 다룹니다. 
""아바""는 전략, 협력, 정교한 총격을 중요시하며, 다양한 모드와 맵을 제공하여 다양한 게임 경험을 제공합니다.",1
액션,이터널 리턴,3,"플레이어가 다양한 레벨에서 적과 장애물을 피하고 퍼즐을 풀며 진행합니다.
 ""이터널 리턴""은 아름다운 아트 스타일과 감동적인 이야기를 제공하는 게임으로, 플레이어는 시간을 되돌리며 미래를 바꾸는 독특한 능력을 사용합니다.",2
액션,나이트 워커,4,"플레이어는 조사자 역할로 암시적인 이야기를 따라가며 퍼즐을 해결하고 탐험합니다. 
""나이트 워커""는 진행 중인 사건의 수수께끼를 풀며 다양한 상황과 설정에서 이야기를 진행합니다.",2
액션,Left 4 Dead 2,4,"4명의 플레이어가 각자의 캐릭터를 선택하여 강력한 좀비 습격을 피하고 생존하기 위해 협력합니다.
 게임은 흥미진진한 액션과 팀 플레이를 중시하며, 다양한 좀비와 무기를 활용하여 스릴 넘치는 경험을 제공합니다.",1
액션,Dead by Daylight,2,"4명의 생존자가 1명의 킬러에게 쫓기는 멀티플레이어 호러 게임으로,
 생존자들은 함께 협력하여 탈출을 시도하고, 킬러는 그들을 찾아 사냥합니다. 게임은 긴장감 넘치는 상황과 전략, 숨기기 및 빠르게 도망가는 요소를 포함하여 흥미로운 경험을 제공합니다.",1
액션,월드 오브 탱크,2,"플레이어들은 각자의 전투 탱크를 조종하고 다른 플레이어와 대결합니다. 
게임은 전략적인 위치 선정과 팀 협력을 중시하며, 다양한 종류의 탱크와 맵을 통해 탱크 전투의 짜릿함을 제공합니다",1
액션,RUST,4,"플레이어는 황무지에서 자원을 수집하고 건물을 건설하며 다른 플레이어와 경쟁하고 협력합니다. 
""RUST""는 자원 관리, 전략, PvP 요소를 풍부하게 결합하여 무서운 생존 경험을 제공합니다.",1
액션,클로저스,3,"다양한 캐릭터 중 하나를 선택하고 독특한 능력과 무기를 활용하여 몬스터와 전투하며 스토리를 진행합니다.
 ""클로저스""는 다양한 미션과 던전을 탐험하고, 다른 플레이어와 함께 협력하여 액션과 전투를 즐길 수 있는 게임입니다.",1
액션,Monster Hunter: World,4,"플레이어는 강력한 몬스터를 추적하고 사냥하여 재료를 모으며 장비를 개량합니다.
 ""Monster Hunter: World""는 팀 협력과 전략을 강조하며, 몬스터와의 사냥은 깊은 전략과 팀워크를 요구하는 미션으로 구성되어 있습니다.",1
보드,모두의 마블,2,"다양한 캐릭터 카드와 아이템을 사용하여 보드를 주사위를 굴려 전진하며 경기를 진행합니다. 
플레이어들은 다른 플레이어와 경쟁하며, 목표 지점에 먼저 도달하거나 다양한 미션을 수행하여 승리를 차지하는 것이 목표입니다.",2
보드,피망 바둑,2,"플레이어와 상대방 사이의 바둑 대전을 다룹니다. 이 게임은 전통적인 바둑 게임을 온라인에서 즐길 수 있도록 제공하며,
 플레이어들은 전략과 두뇌 능력을 사용하여 승리를 거두는 것이 목표입니다",2
보드,장기,4,"장기는 전략적 보드 게임으로, 64개의 타일로 이루어진 보드에서 플레이어들이 자신의 말을 이용하여 상대방의 왕을 체크메이트하려는 목표를 가지고 경기를 진행합니다. 
이 게임은 전략, 계획, 예측을 요구하며 정교한 미래 예측과 높은 전략적 사고를 갖춘 플레이어에게 적합한 게임입니다.",2
보드,7포커,3,"플레이어들이 자신의 패를 구성하고 승패를 겨루는 포커 게임입니다.
 이 게임은 7장의 카드로 패를 만들어 높은 순위의 카드 조합을 얻으며 상대 플레이어와 경기합니다",2
보드,사천성,3,"144장의 타일을 사용하여 플레이어들이 세트를 만들고 경쟁합니다. 
""사천성""은 전략과 패 관리, 머리 속의 노력을 요구하며, 상대 플레이어를 압도하고 승리하기 위한 게임입니다.",2
보드,바카라,1,"플레이어와 뱅커 간의 승리를 예측하는 게임입니다. 
간단한 규칙과 전략을 갖추고 있어 빠른 턴 오버와 전략 결정이 중요합니다.",2
보드,블랙잭,1,"플레이어가 딜러와의 카드 합을 비교하여 21에 가깝게 만들려고 노력하는 게임입니다. 
전략적인 결정을 내리고 더 높은 합을 가지는 것이 승리의 핵심입니다.",2
보드,고스톱,2,"두 플레이어가 번갈아가며 카드를 낸 후, 특정한 카드 조합을 얻어 점수를 획득하는 게임입니다.
 플레이어들은 전략적인 판단과 기억력, 행운을 활용하여 상대방을 이기는 것이 목표입니다.",2
보드,하이로우,1,"딜러가 한 장의 카드를 공개하면 플레이어는 이 카드의 다음 카드가 높을지 낮을지를 예측합니다. 
정확한 예측을 통해 베팅을 이기고 칩을 얻는 것이 목표입니다.",2
아케이드,알루비트,1,"음악에 맞춰 화면 위의 노트를 타이밍에 맞게 터치하거나 클릭하여 플레이하는 게임으로, 
음악과 함께 플레이어의 리듬 감각을 시험하는 게임입니다.",2
아케이드,오디션,1,"음악에 맞춰 키보드나 컨트롤러를 사용하여 화면 상의 노트를 정확한 타이밍으로 입력해야 합니다
 게임은 리듬 감각과 반응 속도를 시험합니다",2
아케이드,러브비트,1,"러브비트""는 다양한 음악과 화려한 비주얼을 통해 플레이어에게 
미니멀한 리듬 게임 경험을 제공합니다.",2
퍼즐,지뢰찾기,2," 지뢰가 숨겨진 네모 칸을 클릭하면서 
숫자 힌트를 활용하여 지뢰를 피하며 게임을 진행하는 퍼즐 게임입니다.",2
퍼즐,크로스워드 퍼즐,3," 플레이어는 단어 힌트를 기반으로 빈 칸에 단어를 채워 넣으며,
 가로와 세로의 교차점을 활용하여 단어를 찾아내는 논리 퍼즐입니다.",2
